No.,C,Si,Mn,P,S,Cr,Ni,Mo,N,Nb,Co,Cu,Al,Ti,V,B,Th,I,U,Ve,Strain,TCL
1,0.01,0.48,1.61,0.024,0.019,17.33,10.62,2.09,0.06,0,0,0,0.02,0,0,0,3.18,100,12,4.23,4,1.5
2,0.011,0.58,1.06,0.032,0.013,16.95,10.5,2.15,0.078,0,0,0,0.02,0,0,0,3.18,100,12,4.23,4,1.1
3,0.01,0.46,1.09,0.021,0.001,17.4,11.5,2.88,0.105,0,0,0,0.02,0,0,0,3.18,100,12,4.23,4,0.9
4,0.01,0.51,1.6,0.021,0.001,17.55,12.95,2.76,0.113,0,0,0,0.02,0,0,0,3.18,100,12,4.23,4,3.7
5,0.012,0.46,1.54,0.027,0.023,16.28,10.15,2.06,0.098,0,0.15,0,0.02,0,0,0,3.18,100,12,4.23,4,1.5
6,0.018,0.51,1.37,0.021,0.009,16.95,11.25,2.23,0.097,0,0,0,0.02,0,0,0,3.18,100,12,4.23,4,2.4
7,0.017,0.49,1.73,0.025,0.004,16.55,11.65,2.13,0.1,0,0,0,0.02,0,0,0,3.18,100,12,4.23,4,3.8
8,0.02,0.48,1.39,0.025,0.015,17.27,11.51,2.2,0.083,0,0,0,0.02,0,0,0,3.18,100,12,4.23,4,2.4
9,0.006,0.51,1.71,0.021,0.001,17.35,13.02,2.49,0.096,0,0.2,0,0.02,0,0,0,3.18,100,12,4.23,4,3.1
10,0.01,0.52,1.75,0.019,0.001,17.25,12.9,2.56,0.101,0,0.2,0,0.02,0,0,0,3.18,100,12,4.23,4,3
11,0.011,0.51,1.7,0.02,0.001,17.25,12.85,2.47,0.094,0,0.2,0,0.02,0,0,0,3.18,100,12,4.23,4,3.1
12,0.006,0.52,1.72,0.02,0.002,17.34,12.87,2.49,0.093,0,0.2,0,0.02,0,0,0,3.18,100,12,4.23,4,2.7
13,0.009,0.52,1.73,0.02,0.001,17.3,12.9,2.5,0.099,0,0.2,0,0.02,0,0,0,3.18,100,12,4.23,4,2.2
14,0.016,0.47,1.66,0.024,0.011,16.3,10.13,2.11,0.054,0,0.2,0.18,0.02,0,0,0,3.18,100,12,4.23,4,1.2
15,0.065,0.51,1.54,0.03,0.025,18.39,8.6,0.21,0.078,0,0.13,0,0.02,0,0,0,3.18,100,12,4.23,4,1.1
16,0.058,0.68,1.62,0.02,0.029,20.32,9.16,0.24,0.078,0,0.16,0,0.02,0,0,0,3.18,100,12,4.23,4,0.7
17,0.015,0.54,1.43,0.026,0.008,18.19,9.17,0.29,0.078,0,0.18,0.027,0.02,0,0,0,3.18,100,12,4.23,4,0.6
18,0.022,0.32,1.51,0.025,0.004,17.38,10.48,0.24,0.03,0.4,0,0,0.02,0,0,0,3.18,100,12,4.23,4,2.8
19,0.033,0.43,1.67,0.028,0.002,18.15,10.2,0.56,0.004,0.43,0,0,0.02,0,0,0,3.18,100,12,4.23,4,3.2
20,0.028,0.34,1.75,0.03,0.008,18.3,10.42,0.49,0.028,0.41,0,0,0.02,0,0,0,3.18,100,12,4.23,4,1.6
21,0.045,0.28,1.6,0.03,0.015,18.3,10.7,0,0.03,0.6,0.12,0,0.02,0,0,0,3.18,100,12,4.23,4,2.2
22,0.05,0.53,1.93,0.029,0.005,18.1,10.5,0,0.03,0.56,0.14,0,0.02,0,0,0,3.18,100,12,4.23,4,2.5
23,0.03,0.35,1.7,0.029,0.011,18.28,10.53,0,0.026,0.36,0,0,0.02,0,0,0,3.18,100,12,4.23,4,0.7
24,0.03,0.42,1.66,0.024,0.009,17.96,10.46,0,0.024,0.33,0,0,0.02,0,0,0,3.18,100,12,4.23,4,1.4
25,0.035,0.25,1.65,0.029,0.005,18.05,10.75,0,0.017,0.41,0,0,0.02,0,0,0,3.18,100,12,4.23,4,1.8
26,0.015,0.31,1.48,0.017,0.001,18.4,10.4,0.42,0.085,0.36,0,0,0.02,0,0,0,3.18,100,12,4.23,4,0.9
27,0.014,0.31,1.21,0.024,0.013,17.12,9.65,0.16,0.066,0.23,0.07,0,0.02,0,0,0,3.18,100,12,4.23,4,1.1
28,0.045,0.54,1.6,0.032,0.007,17.8,9.71,0,0.03,0.67,0,0,0.02,0,0,0,3.18,100,12,4.23,4,2.5
29,0.014,0.3,1.64,0.012,0.005,18.44,9.25,0,0.062,0.26,0.06,0,0.02,0,0,0,3.18,100,12,4.23,4,0.5
30,0.018,0.5,1.49,0.029,0.011,18.26,9.01,0.37,0.075,0.49,0.17,0,0.02,0,0,0,3.18,100,12,4.23,4,2
31,0.025,0.34,1.74,0.033,0.006,18.25,10.77,0,0.022,0.37,0,0,0.02,0,0,0,3.18,100,12,4.23,4,1
32,0.049,0.59,1.73,0.024,0.013,17.26,9.41,0.21,0.026,0.61,0,0,0.02,0,0,0,3.18,100,12,4.23,4,1.9
33,0.037,0.63,1.56,0.029,0.001,18,9.67,0.32,0.044,0.61,0,0,0.02,0,0,0,3.18,100,12,4.23,4,3.6
34,0.037,0.63,1.56,0.029,0.001,18,9.67,0.32,0.044,0.61,0,0,0.02,0,0,0,3.18,100,12,4.23,2,1.21
35,0.037,0.63,1.56,0.029,0.001,18,9.67,0.32,0.044,0.61,0,0,0.02,0,0,0,3.18,100,12,4.23,1,0.92
36,0.037,0.63,1.56,0.029,0.001,18,9.67,0.32,0.044,0.61,0,0,0.02,0,0,0,3.18,100,12,4.23,0.5,0.42
37,0.015,0.54,1.43,0.026,0.008,18.19,9.17,0.29,0.078,0,0,0,0.02,0,0,0,3.18,100,12,4.23,4,1.8
38,0.032,0.78,1.32,0.026,0.008,18.19,9.17,0.29,0.078,0,0,0,0.02,0,0,0,3.18,100,12,4.23,4,3.6
39,0.05,1.25,1.25,0.026,0.008,18.19,9.17,0.29,0.078,0,0,0,0.02,0,0,0,3.18,100,12,4.23,4,3.2
40,0.042,0.34,3.23,0.016,0.012,17.59,13.8,2.15,0.047,0.01,0.07,0.35,0.02,0,0.11,0,3.18,100,12,4.23,4,4.4
41,0.04,0.33,3.12,0.016,0.012,17.64,13.8,2.15,0.078,0.01,0.07,0.32,0.02,0,0.11,0,3.18,100,12,4.23,4,4
42,0.041,0.29,3.08,0.016,0.011,17.62,13.78,2.16,0.12,0.01,0.07,0.26,0.02,0,0.11,0,3.18,100,12,4.23,4,3.45
43,0.011,0.58,1.06,0.032,0.013,16.95,10.5,2.15,0.078,0,0,0,0.02,0,0,0,3.18,100,12,4.23,0.25,0
44,0.01,0.51,1.6,0.021,0.001,17.55,12.95,2.76,0.113,0,0,0,0.02,0,0,0,3.18,100,12,4.23,0.25,1.28
45,0.05,0.53,1.93,0.029,0.005,18.1,10.5,0,0.03,0.56,0.14,0,0.02,0,0,0,3.18,100,12,4.23,0.25,0
46,0.011,0.58,1.06,0.032,0.013,16.95,10.5,2.15,0.078,0,0,0,0.02,0,0,0,3.18,100,12,4.23,0.5,0
47,0.01,0.51,1.6,0.021,0.001,17.55,12.95,2.76,0.113,0,0,0,0.02,0,0,0,3.18,100,12,4.23,0.5,2.3
48,0.05,0.53,1.93,0.029,0.005,18.1,10.5,0,0.03,0.56,0.14,0,0.02,0,0,0,3.18,100,12,4.23,0.5,0
49,0.011,0.58,1.06,0.032,0.013,16.95,10.5,2.15,0.078,0,0,0,0.02,0,0,0,3.18,100,12,4.23,1,0.25
50,0.01,0.51,1.6,0.021,0.001,17.55,12.95,2.76,0.113,0,0,0,0.02,0,0,0,3.18,100,12,4.23,1,2.8
51,0.05,0.53,1.93,0.029,0.005,18.1,10.5,0,0.03,0.56,0.14,0,0.02,0,0,0,3.18,100,12,4.23,1,0.15
52,0.011,0.58,1.06,0.032,0.013,16.95,10.5,2.15,0.078,0,0,0,0.02,0,0,0,3.18,100,12,4.23,2,0.3
53,0.01,0.51,1.6,0.021,0.001,17.55,12.95,2.76,0.113,0,0,0,0.02,0,0,0,3.18,100,12,4.23,2,3.5
54,0.05,0.53,1.93,0.029,0.005,18.1,10.5,0,0.03,0.56,0.14,0,0.02,0,0,0,3.18,100,12,4.23,2,0.9
55,0.079,0.27,1.77,0.04,0.01,14.29,16.87,2.27,0.012,0.1,0.005,0.02,0.006,0.21,0.52,0,3.18,100,12,4.23,4,5.99
56,0.085,0.13,1.86,0.028,0.004,14.22,15.59,2.21,0.008,0.19,0,0.025,0.036,0.12,0.51,0,3.18,100,12,4.23,4,9.03
57,0.057,0.58,1.86,0.024,0.019,17.25,13.48,2.34,0.03,0.005,0.02,0.1,0.023,0.02,0,0,3.18,100,12,4.23,4,8.44
58,0.079,0.27,1.77,0.04,0.01,14.29,16.87,2.27,0.012,0.1,0.005,0.02,0.006,0.21,0.52,0,3.18,100,12,4.23,0.25,3.55
59,0.085,0.13,1.86,0.028,0.004,14.22,15.59,2.21,0.008,0.19,0,0.025,0.036,0.12,0.51,0,3.18,100,12,4.23,0.25,0.2
60,0.057,0.58,1.86,0.024,0.019,17.25,13.48,2.34,0.03,0.005,0.02,0.1,0.023,0.02,0,0,3.18,100,12,4.23,0.25,1.04
61,0.079,0.27,1.77,0.04,0.01,14.29,16.87,2.27,0.012,0.1,0.005,0.02,0.006,0.21,0.52,0,3.18,100,12,4.23,0.5,3.36
62,0.085,0.13,1.86,0.028,0.004,14.22,15.59,2.21,0.008,0.19,0,0.025,0.036,0.12,0.51,0,3.18,100,12,4.23,0.5,4.36
63,0.057,0.58,1.86,0.024,0.019,17.25,13.48,2.34,0.03,0.005,0.02,0.1,0.023,0.02,0,0,3.18,100,12,4.23,0.5,2.55
64,0.079,0.27,1.77,0.04,0.01,14.29,16.87,2.27,0.012,0.1,0.005,0.02,0.006,0.21,0.52,0,3.18,100,12,4.23,1,4.84
65,0.085,0.13,1.86,0.028,0.004,14.22,15.59,2.21,0.008,0.19,0,0.025,0.036,0.12,0.51,0,3.18,100,12,4.23,1,3.93
66,0.057,0.58,1.86,0.024,0.019,17.25,13.48,2.34,0.03,0.005,0.02,0.1,0.023,0.02,0,0,3.18,100,12,4.23,1,2.55
67,0.079,0.27,1.77,0.04,0.01,14.29,16.87,2.27,0.012,0.1,0.005,0.02,0.006,0.21,0.52,0,3.18,100,12,4.23,2,5.35
68,0.085,0.13,1.86,0.028,0.004,14.22,15.59,2.21,0.008,0.19,0,0.025,0.036,0.12,0.51,0,3.18,100,12,4.23,2,7.01
69,0.057,0.58,1.86,0.024,0.019,17.25,13.48,2.34,0.03,0.005,0.02,0.1,0.023,0.02,0,0,3.18,100,12,4.23,2,3.6
70,0.06,0.64,0.96,0.02,0.003,18.6,9.65,0,0.028,0,0,0,0.02,0,0,0,12,250,17,1.67,4,3.9
71,0.017,0.56,1.09,0.025,0.01,18.48,10.4,0,0.022,0,0,0,0.02,0,0,0,12,250,17,1.67,4,1.5
72,0.05,0.66,0.89,0.021,0.005,17,12.3,2.26,0.024,0,0,0,0.02,0,0,0,12,250,17,1.67,4,7.4
73,0.02,0.7,0.93,0.018,0.007,17.1,15.11,2.62,0.018,0,0,0,0.02,0,0,0,12,250,17,1.67,4,10.1
74,0.06,0.58,1.03,0.027,0.007,17.69,9.48,0,0.012,0,0,0,0.02,0.44,0,0,12,250,17,1.67,4,1.4
75,0.07,0.7,1.07,0.023,0.012,24.65,20.1,0,0.026,0,0,0,0.02,0,0,0,12,250,17,1.67,4,14.9
76,0.07,0.67,1.56,0.02,0.003,18.54,8.64,0,0.02,0,0,0,0.02,0,0,0,12,250,17,1.67,4,0.5
77,0.07,0.67,1.5,0.031,0.01,16.97,11.92,2.23,0.02,0,0,0,0.02,0,0,0,12,250,17,1.67,4,10.3
78,0.026,0.84,1.56,0.025,0.006,17.12,12.6,2.2,0.02,0,0,0,0.02,0,0,0,12,250,17,1.67,4,6.8
79,0.06,0.64,1.22,0.025,0.008,18.36,9.66,0.04,0.02,0.78,0,0,0.02,0,0,0,12,250,17,1.67,4,5.4
80,0.06,0.64,0.96,0.02,0.003,18.6,9.65,0,0.028,0,0,0,0.02,0,0,0,12,250,17,1.67,0.5,0
81,0.017,0.56,1.09,0.025,0.01,18.48,10.4,0,0.022,0,0,0,0.02,0,0,0,12,250,17,1.67,0.5,0
82,0.05,0.66,0.89,0.021,0.005,17,12.3,2.26,0.024,0,0,0,0.02,0,0,0,12,250,17,1.67,0.5,0.38
83,0.02,0.7,0.93,0.018,0.007,17.1,15.11,2.62,0.018,0,0,0,0.02,0,0,0,12,250,17,1.67,0.5,1.05
84,0.06,0.58,1.03,0.027,0.007,17.69,9.48,0,0.012,0,0,0,0.02,0.44,0,0,12,250,17,1.67,0.5,0
85,0.07,0.7,1.07,0.023,0.012,24.65,20.1,0,0.026,0,0,0,0.02,0,0,0,12,250,17,1.67,0.5,8.57
86,0.06,0.64,0.96,0.02,0.003,18.6,9.65,0,0.028,0,0,0,0.02,0,0,0,12,250,17,1.67,1,0
87,0.017,0.56,1.09,0.025,0.01,18.48,10.4,0,0.022,0,0,0,0.02,0,0,0,12,250,17,1.67,1,0.38
88,0.05,0.66,0.89,0.021,0.005,17,12.3,2.26,0.024,0,0,0,0.02,0,0,0,12,250,17,1.67,1,2.84
89,0.02,0.7,0.93,0.018,0.007,17.1,15.11,2.62,0.018,0,0,0,0.02,0,0,0,12,250,17,1.67,1,6.69
90,0.06,0.58,1.03,0.027,0.007,17.69,9.48,0,0.012,0,0,0,0.02,0.44,0,0,12,250,17,1.67,1,0
91,0.07,0.7,1.07,0.023,0.012,24.65,20.1,0,0.026,0,0,0,0.02,0,0,0,12,250,17,1.67,1,12.32
92,0.06,0.64,0.96,0.02,0.003,18.6,9.65,0,0.028,0,0,0,0.02,0,0,0,12,250,17,1.67,2,0
93,0.017,0.56,1.09,0.025,0.01,18.48,10.4,0,0.022,0,0,0,0.02,0,0,0,12,250,17,1.67,2,0.3
94,0.05,0.66,0.89,0.021,0.005,17,12.3,2.26,0.024,0,0,0,0.02,0,0,0,12,250,17,1.67,2,3.03
95,0.02,0.7,0.93,0.018,0.007,17.1,15.11,2.62,0.018,0,0,0,0.02,0,0,0,12,250,17,1.67,2,5.68
96,0.06,0.58,1.03,0.027,0.007,17.69,9.48,0,0.012,0,0,0,0.02,0.44,0,0,12,250,17,1.67,2,0.48
97,0.07,0.7,1.07,0.023,0.012,24.65,20.1,0,0.026,0,0,0,0.02,0,0,0,12,250,17,1.67,2,15.11
98,0.06,0.64,0.96,0.02,0.003,18.6,9.65,0,0.028,0,0,0,0.02,0,0,0,12,250,17,1.67,2.4,1.44
99,0.017,0.56,1.09,0.025,0.01,18.48,10.4,0,0.022,0,0,0,0.02,0,0,0,12,250,17,1.67,2.4,1
100,0.05,0.66,0.89,0.021,0.005,17,12.3,2.26,0.024,0,0,0,0.02,0,0,0,12,250,17,1.67,2.4,5.39
101,0.02,0.7,0.93,0.018,0.007,17.1,15.11,2.62,0.018,0,0,0,0.02,0,0,0,12,250,17,1.67,2.4,10.01
102,0.06,0.58,1.03,0.027,0.007,17.69,9.48,0,0.012,0,0,0,0.02,0.44,0,0,12,250,17,1.67,2.4,0.48
103,0.07,0.7,1.07,0.023,0.012,24.65,20.1,0,0.026,0,0,0,0.02,0,0,0,12,250,17,1.67,2.4,17.61
104,0.07,0.7,1.07,0.023,0.012,24.65,20.1,0,0.026,0,0,0,0.02,0,0,0,12,250,17,1.67,0.2,0.77
105,0.07,0.7,1.07,0.023,0.012,24.65,20.1,0,0.026,0,0,0,0.02,0,0,0,12,250,17,1.67,0.3,6.06
106,0.02,0.7,0.93,0.018,0.007,17.1,15.11,2.62,0.018,0,0,0,0.02,0,0,0,12,250,17,1.67,0.3,0
107,0.06,0.64,0.96,0.02,0.003,18.6,9.65,0,0.028,0,0,0,0.02,0,0,0,12,250,17,1.67,0.3,0
108,0.06,0.64,0.96,0.02,0.003,18.6,9.65,0,0.117,0,0,0,0.02,0,0,0,12,250,17,1.67,4,10.18
109,0.017,0.56,1.09,0.025,0.01,18.48,10.4,0,0.113,0,0,0,0.02,0,0,0,12,250,17,1.67,4,10.49
110,0.06,0.58,1.03,0.027,0.007,17.69,9.48,0,0.098,0,0,0,0.02,0.44,0,0,12,250,17,1.67,4,2.88
111,0.07,0.7,1.07,0.023,0.012,24.65,20.1,0,0.11,0,0,0,0.02,0,0,0,12,250,17,1.67,2.4,16.66
112,0.05,0.66,0.89,0.021,0.005,17,12.3,2.26,0.094,0,0,0,0.02,0,0,0,12,250,17,1.67,2.4,8.33
113,0.02,0.7,0.93,0.018,0.007,17.1,15.11,2.62,0.09,0,0,0,0.02,0,0,0,12,250,17,1.67,2.4,9.46
114,0.06,0.64,0.96,0.02,0.003,18.6,9.65,0,0.148,0,0,0,0.02,0,0,0,12,250,17,1.67,4,15.53
115,0.017,0.56,1.09,0.025,0.01,18.48,10.4,0,0.157,0,0,0,0.02,0,0,0,12,250,17,1.67,4,8.95
116,0.06,0.58,1.03,0.027,0.007,17.69,9.48,0,0.137,0,0,0,0.02,0.44,0,0,12,250,17,1.67,4,4.73
117,0.07,0.7,1.07,0.023,0.012,24.65,20.1,0,0.165,0,0,0,0.02,0,0,0,12,250,17,1.67,2.4,17.13
118,0.05,0.66,0.89,0.021,0.005,17,12.3,2.26,0.127,0,0,0,0.02,0,0,0,12,250,17,1.67,2.4,6.48
119,0.02,0.7,0.93,0.018,0.007,17.1,15.11,2.62,0.151,0,0,0,0.02,0,0,0,12,250,17,1.67,2.4,10.08
120,0.059,1.79,1.25,0.027,0.005,18.86,11.29,0.01,0.049,0,0,0.01,0.004,0,0,0,3.18,100,12,4.2,0.5,1.12
121,0.06,1.8,1.26,0.016,0.019,18.98,11.4,0.01,0.048,0,0,0.01,0.004,0,0,0,3.18,100,12,4.2,0.5,1.12
122,0.06,1.8,1.26,0.004,0.032,19.1,11.42,0.01,0.048,0,0,0.01,0.004,0,0,0,3.18,100,12,4.2,0.5,0.7
123,0.062,1.92,1.29,0.005,0.005,18.08,11.65,0.01,0.055,0,0,0.014,0.005,0,0,0,3.18,100,12,4.2,0.5,2.55
124,0.061,1.92,1.31,0.016,0.016,18.1,11.63,0.01,0.054,0,0,0.013,0.002,0,0,0,3.18,100,12,4.2,0.5,4.98
125,0.059,1.79,1.25,0.027,0.005,18.86,11.29,0.01,0.049,0,0,0.01,0.004,0,0,0,3.18,100,12,4.2,1.75,4.16
126,0.06,1.8,1.26,0.016,0.019,18.98,11.4,0.01,0.048,0,0,0.01,0.004,0,0,0,3.18,100,12,4.2,1.75,3.25
127,0.06,1.8,1.26,0.004,0.032,19.1,11.42,0.01,0.048,0,0,0.01,0.004,0,0,0,3.18,100,12,4.2,1.75,1.97
128,0.062,1.92,1.29,0.005,0.005,18.08,11.65,0.01,0.055,0,0,0.014,0.005,0,0,0,3.18,100,12,4.2,1.75,6.86
129,0.061,1.92,1.31,0.016,0.016,18.1,11.63,0.01,0.054,0,0,0.013,0.002,0,0,0,3.18,100,12,4.2,1.75,7.56
130,0.059,1.79,1.25,0.027,0.005,18.86,11.29,0.01,0.049,0,0,0.01,0.004,0,0,0,3.18,100,12,4.2,2.5,4.25
131,0.06,1.8,1.26,0.016,0.019,18.98,11.4,0.01,0.048,0,0,0.01,0.004,0,0,0,3.18,100,12,4.2,2.5,3.58
132,0.06,1.8,1.26,0.004,0.032,19.1,11.42,0.01,0.048,0,0,0.01,0.004,0,0,0,3.18,100,12,4.2,2.5,2.96
133,0.062,1.92,1.29,0.005,0.005,18.08,11.65,0.01,0.055,0,0,0.014,0.005,0,0,0,3.18,100,12,4.2,2.5,7.47
134,0.061,1.92,1.31,0.016,0.016,18.1,11.63,0.01,0.054,0,0,0.013,0.002,0,0,0,3.18,100,12,4.2,2.5,8.08
135,0.059,1.79,1.25,0.027,0.005,18.86,11.29,0.01,0.049,0,0,0.01,0.004,0,0,0,3.18,100,12,4.2,3.75,13.26
136,0.06,1.8,1.26,0.016,0.019,18.98,11.4,0.01,0.048,0,0,0.01,0.004,0,0,0,3.18,100,12,4.2,3.75,8.08
137,0.06,1.8,1.26,0.004,0.032,19.1,11.42,0.01,0.048,0,0,0.01,0.004,0,0,0,3.18,100,12,4.2,3.75,6.41
138,0.062,1.92,1.29,0.005,0.005,18.08,11.65,0.01,0.055,0,0,0.014,0.005,0,0,0,3.18,100,12,4.2,3.75,12.72
139,0.061,1.92,1.31,0.016,0.016,18.1,11.63,0.01,0.054,0,0,0.013,0.002,0,0,0,3.18,100,12,4.2,3.75,13.72
140,0.071,3.91,8.36,0.029,0.012,16.45,8.31,0,0.15,0,0,0,0.02,0,0,0,3,100,12.5,3.6,0.25,0
141,0.1,3.48,5.5,0.023,0.02,16.23,5.17,0,0.15,0,0,0,0.02,0,0,0,3,100,12.5,3.6,0.25,0
142,0.021,0.64,1.42,0.025,0.018,18.31,9.2,0.25,0.08,0,0.11,0.46,0.02,0,0,0,3,100,12.5,3.6,0.25,0
143,0.043,0.42,1.22,0.031,0.01,16.3,10.1,2.05,0.051,0,0.23,0.24,0.02,0,0,0,3,100,12.5,3.6,0.25,0
144,0.071,3.91,8.36,0.029,0.012,16.45,8.31,0,0.15,0,0,0,0.02,0,0,0,3,100,12.5,3.6,0.5,0
145,0.1,3.48,5.5,0.023,0.02,16.23,5.17,0,0.15,0,0,0,0.02,0,0,0,3,100,12.5,3.6,0.5,0
146,0.021,0.64,1.42,0.025,0.018,18.31,9.2,0.25,0.08,0,0.11,0.46,0.02,0,0,0,3,100,12.5,3.6,0.5,0
147,0.043,0.42,1.22,0.031,0.01,16.3,10.1,2.05,0.051,0,0.23,0.24,0.02,0,0,0,3,100,12.5,3.6,0.5,0
148,0.071,3.91,8.36,0.029,0.012,16.45,8.31,0,0.15,0,0,0,0.02,0,0,0,3,100,12.5,3.6,0.75,0.46
149,0.1,3.48,5.5,0.023,0.02,16.23,5.17,0,0.15,0,0,0,0.02,0,0,0,3,100,12.5,3.6,0.75,0
150,0.021,0.64,1.42,0.025,0.018,18.31,9.2,0.25,0.08,0,0.11,0.46,0.02,0,0,0,3,100,12.5,3.6,0.75,0
151,0.043,0.42,1.22,0.031,0.01,16.3,10.1,2.05,0.051,0,0.23,0.24,0.02,0,0,0,3,100,12.5,3.6,0.75,0
152,0.071,3.91,8.36,0.029,0.012,16.45,8.31,0,0.15,0,0,0,0.02,0,0,0,3,100,12.5,3.6,1,1.06
153,0.1,3.48,5.5,0.023,0.02,16.23,5.17,0,0.15,0,0,0,0.02,0,0,0,3,100,12.5,3.6,1,0.26
154,0.021,0.64,1.42,0.025,0.018,18.31,9.2,0.25,0.08,0,0.11,0.46,0.02,0,0,0,3,100,12.5,3.6,1,0
155,0.043,0.42,1.22,0.031,0.01,16.3,10.1,2.05,0.051,0,0.23,0.24,0.02,0,0,0,3,100,12.5,3.6,1,0
156,0.071,3.91,8.36,0.029,0.012,16.45,8.31,0,0.15,0,0,0,0.02,0,0,0,3,100,12.5,3.6,1.5,2.03
157,0.1,3.48,5.5,0.023,0.02,16.23,5.17,0,0.15,0,0,0,0.02,0,0,0,3,100,12.5,3.6,1.5,0.66
158,0.021,0.64,1.42,0.025,0.018,18.31,9.2,0.25,0.08,0,0.11,0.46,0.02,0,0,0,3,100,12.5,3.6,1.5,0.09
159,0.043,0.42,1.22,0.031,0.01,16.3,10.1,2.05,0.051,0,0.23,0.24,0.02,0,0,0,3,100,12.5,3.6,1.5,0
160,0.071,3.91,8.36,0.029,0.012,16.45,8.31,0,0.15,0,0,0,0.02,0,0,0,3,100,12.5,3.6,2.5,3.58
161,0.1,3.48,5.5,0.023,0.02,16.23,5.17,0,0.15,0,0,0,0.02,0,0,0,3,100,12.5,3.6,2.5,1.66
162,0.021,0.64,1.42,0.025,0.018,18.31,9.2,0.25,0.08,0,0.11,0.46,0.02,0,0,0,3,100,12.5,3.6,2.5,0.06
163,0.043,0.42,1.22,0.031,0.01,16.3,10.1,2.05,0.051,0,0.23,0.24,0.02,0,0,0,3,100,12.5,3.6,2.5,0.42
164,0.071,3.91,8.36,0.029,0.012,16.45,8.31,0,0.15,0,0,0,0.02,0,0,0,3,100,12.5,3.6,3.5,4.91
165,0.1,3.48,5.5,0.023,0.02,16.23,5.17,0,0.15,0,0,0,0.02,0,0,0,3,100,12.5,3.6,3.5,3.17
166,0.021,0.64,1.42,0.025,0.018,18.31,9.2,0.25,0.08,0,0.11,0.46,0.02,0,0,0,3,100,12.5,3.6,3.5,0.26
167,0.043,0.42,1.22,0.031,0.01,16.3,10.1,2.05,0.051,0,0.23,0.24,0.02,0,0,0,3,100,12.5,3.6,3.5,1.38
168,0.046,0.74,2.36,0.034,0.005,14.35,15.38,2.41,0.009,0,0,0,0.02,0.25,0,0.005,3,100,12.5,4.2,0.5,2.49
169,0.044,0.95,1.76,0.022,0.006,14.24,15.36,2.35,0.008,0,0,0,0.02,0.29,0,0.006,3,100,12.5,4.2,0.5,3.2
170,0.045,1,1.8,0.038,0.004,14.14,15.25,2.34,0.009,0,0,0,0.02,0.26,0,0.005,3,100,12.5,4.2,0.5,3.94
171,0.046,0.74,2.36,0.034,0.005,14.35,15.38,2.41,0.009,0,0,0,0.02,0.25,0,0.005,3,100,12.5,4.2,1,5.59
172,0.044,0.95,1.76,0.022,0.006,14.24,15.36,2.35,0.008,0,0,0,0.02,0.29,0,0.006,3,100,12.5,4.2,1,5.89
173,0.045,1,1.8,0.038,0.004,14.14,15.25,2.34,0.009,0,0,0,0.02,0.26,0,0.005,3,100,12.5,4.2,1,6.93
174,0.046,0.74,2.36,0.034,0.005,14.35,15.38,2.41,0.009,0,0,0,0.02,0.25,0,0.005,3,100,12.5,4.2,2,8.99
175,0.044,0.95,1.76,0.022,0.006,14.24,15.36,2.35,0.008,0,0,0,0.02,0.29,0,0.006,3,100,12.5,4.2,2,9.86
176,0.045,1,1.8,0.038,0.004,14.14,15.25,2.34,0.009,0,0,0,0.02,0.26,0,0.005,3,100,12.5,4.2,2,9.86
177,0.046,0.74,2.36,0.034,0.005,14.35,15.38,2.41,0.009,0,0,0,0.02,0.25,0,0.005,3,100,12.5,4.2,4,11.5
178,0.044,0.95,1.76,0.022,0.006,14.24,15.36,2.35,0.008,0,0,0,0.02,0.29,0,0.006,3,100,12.5,4.2,4,12.6
179,0.045,1,1.8,0.038,0.004,14.14,15.25,2.34,0.009,0,0,0,0.02,0.26,0,0.005,3,100,12.5,4.2,4,14.8
180,0.051,0.5,1.5,0.011,0.002,15.05,15.06,2.25,0.0093,0,0,0,0.02,0.32,0,0,3,100,12.5,4.2,0,0
181,0.051,0.5,1.5,0.011,0.002,15.05,15.06,2.25,0.0093,0,0,0,0.02,0.32,0,0,3,100,12.5,4.2,0.25,0.63
182,0.051,0.5,1.5,0.011,0.002,15.05,15.06,2.25,0.0093,0,0,0,0.02,0.32,0,0,3,100,12.5,4.2,0.5,0.78
183,0.051,0.5,1.5,0.011,0.002,15.05,15.06,2.25,0.0093,0,0,0,0.02,0.32,0,0,3,100,12.5,4.2,1,2.34
184,0.051,0.5,1.5,0.011,0.002,15.05,15.06,2.25,0.0093,0,0,0,0.02,0.32,0,0,3,100,12.5,4.2,2,3.53
185,0.051,0.5,1.5,0.011,0.002,15.05,15.06,2.25,0.0093,0,0,0,0.02,0.32,0,0,3,100,12.5,4.2,4,5.6
186,0.05,0.24,0.77,0.018,0.004,21.65,32.3,0,0.02,0,0,0.52,0.48,0.46,0,0,3,90,13,2.7,0.25,0
187,0.05,0.24,0.77,0.018,0.004,21.65,32.3,0,0.02,0,0,0.52,0.48,0.46,0,0,3,100,13,2.7,0.25,0
188,0.05,0.24,0.77,0.018,0.004,21.65,32.3,0,0.02,0,0,0.52,0.48,0.46,0,0,3,90,13,2.3,0.25,0
189,0.05,0.24,0.77,0.018,0.004,21.65,32.3,0,0.02,0,0,0.52,0.48,0.46,0,0,3,110,13,2.7,0.25,0
190,0.05,0.24,0.77,0.018,0.004,21.65,32.3,0,0.02,0,0,0.52,0.48,0.46,0,0,3,100,13,2.3,0.25,0
191,0.05,0.24,0.77,0.018,0.004,21.65,32.3,0,0.02,0,0,0.52,0.48,0.46,0,0,3,120,13,2.7,0.25,3.77
192,0.05,0.24,0.77,0.018,0.004,21.65,32.3,0,0.02,0,0,0.52,0.48,0.46,0,0,3,110,13,2.3,0.25,4.75
193,0.05,0.24,0.77,0.018,0.004,21.65,32.3,0,0.02,0,0,0.52,0.48,0.46,0,0,3,120,13,2.3,0.25,5.08
194,0.05,0.24,0.77,0.018,0.004,21.65,32.3,0,0.02,0,0,0.52,0.48,0.46,0,0,3,90,13,2.7,0.5,4.1
195,0.05,0.24,0.77,0.018,0.004,21.65,32.3,0,0.02,0,0,0.52,0.48,0.46,0,0,3,100,13,2.7,0.5,5.08
196,0.05,0.24,0.77,0.018,0.004,21.65,32.3,0,0.02,0,0,0.52,0.48,0.46,0,0,3,90,13,2.3,0.5,5.74
197,0.05,0.24,0.77,0.018,0.004,21.65,32.3,0,0.02,0,0,0.52,0.48,0.46,0,0,3,110,13,2.7,0.5,5.9
198,0.05,0.24,0.77,0.018,0.004,21.65,32.3,0,0.02,0,0,0.52,0.48,0.46,0,0,3,100,13,2.3,0.5,7.54
199,0.05,0.24,0.77,0.018,0.004,21.65,32.3,0,0.02,0,0,0.52,0.48,0.46,0,0,3,120,13,2.7,0.5,7.87
200,0.05,0.24,0.77,0.018,0.004,21.65,32.3,0,0.02,0,0,0.52,0.48,0.46,0,0,3,110,13,2.3,0.5,8.36
201,0.05,0.24,0.77,0.018,0.004,21.65,32.3,0,0.02,0,0,0.52,0.48,0.46,0,0,3,120,13,2.3,0.5,8.85
202,0.05,0.24,0.77,0.018,0.004,21.65,32.3,0,0.02,0,0,0.52,0.48,0.46,0,0,3,90,13,2.7,1,8.03
203,0.05,0.24,0.77,0.018,0.004,21.65,32.3,0,0.02,0,0,0.52,0.48,0.46,0,0,3,100,13,2.7,1,10.33
204,0.05,0.24,0.77,0.018,0.004,21.65,32.3,0,0.02,0,0,0.52,0.48,0.46,0,0,3,90,13,2.3,1,10.82
205,0.05,0.24,0.77,0.018,0.004,21.65,32.3,0,0.02,0,0,0.52,0.48,0.46,0,0,3,110,13,2.7,1,11.8
206,0.05,0.24,0.77,0.018,0.004,21.65,32.3,0,0.02,0,0,0.52,0.48,0.46,0,0,3,100,13,2.3,1,12.95
207,0.05,0.24,0.77,0.018,0.004,21.65,32.3,0,0.02,0,0,0.52,0.48,0.46,0,0,3,120,13,2.7,1,13.77
208,0.05,0.24,0.77,0.018,0.004,21.65,32.3,0,0.02,0,0,0.52,0.48,0.46,0,0,3,110,13,2.3,1,14.26
209,0.05,0.24,0.77,0.018,0.004,21.65,32.3,0,0.02,0,0,0.52,0.48,0.46,0,0,3,120,13,2.3,1,15.41
210,0.05,0.24,0.77,0.018,0.004,21.65,32.3,0,0.02,0,0,0.52,0.48,0.46,0,0,3,90,13,2.7,2,13.11
211,0.05,0.24,0.77,0.018,0.004,21.65,32.3,0,0.02,0,0,0.52,0.48,0.46,0,0,3,100,13,2.7,2,14.43
212,0.05,0.24,0.77,0.018,0.004,21.65,32.3,0,0.02,0,0,0.52,0.48,0.46,0,0,3,90,13,2.3,2,15.08
213,0.05,0.24,0.77,0.018,0.004,21.65,32.3,0,0.02,0,0,0.52,0.48,0.46,0,0,3,110,13,2.7,2,17.05
214,0.05,0.24,0.77,0.018,0.004,21.65,32.3,0,0.02,0,0,0.52,0.48,0.46,0,0,3,100,13,2.3,2,17.78
215,0.05,0.24,0.77,0.018,0.004,21.65,32.3,0,0.02,0,0,0.52,0.48,0.46,0,0,3,90,13,2.7,4,18.85
216,0.005,0.42,0.39,0.019,0.003,18.84,0.21,0,0.0055,0,0,0,0.015,0.2,0,0,4,100,10,2.5,0.8,0.1
217,0.008,0.41,0.38,0.018,0.003,17.84,0.21,0,0.0089,0,0,0,0.024,0.4,0,0,4,100,10,2.5,0.8,0.1
218,0.007,0.39,0.37,0.019,0.004,18.1,0.21,0,0.01,0,0,0,0.043,0.78,0,0,4,100,10,2.5,0.8,0.1
219,0.008,0.4,0.38,0.014,0.004,18.04,0.21,0,0.0096,0,0,0,0.041,1.06,0,0,4,100,10,2.5,0.8,0.1
220,0.005,0.42,0.39,0.019,0.003,18.84,0.21,0,0.0055,0,0,0,0.015,0.2,0,0,4,100,10,2.5,2,0.13
221,0.008,0.41,0.38,0.018,0.003,17.84,0.21,0,0.0089,0,0,0,0.024,0.4,0,0,4,100,10,2.5,2,0.13
222,0.007,0.39,0.37,0.019,0.004,18.1,0.21,0,0.01,0,0,0,0.043,0.78,0,0,4,100,10,2.5,2,0.79
223,0.008,0.4,0.38,0.014,0.004,18.04,0.21,0,0.0096,0,0,0,0.041,1.06,0,0,4,100,10,2.5,2,0.99
224,0.005,0.42,0.39,0.019,0.003,18.84,0.21,0,0.0055,0,0,0,0.015,0.2,0,0,4,100,10,2.5,4,2.67
225,0.008,0.41,0.38,0.018,0.003,17.84,0.21,0,0.0089,0,0,0,0.024,0.4,0,0,4,100,10,2.5,4,3.2
226,0.007,0.39,0.37,0.019,0.004,18.1,0.21,0,0.01,0,0,0,0.043,0.78,0,0,4,100,10,2.5,4,5.79
227,0.008,0.4,0.38,0.014,0.004,18.04,0.21,0,0.0096,0,0,0,0.041,1.06,0,0,4,100,10,2.5,4,4.9
228,0.06,0.39,0.87,0.01,0.003,19.94,33.95,0,0.02,0.05,0,0.64,0.19,0.42,0,0,6.5,170,14,2.55,0.5,4.07
229,0.08,0.08,0.93,0.008,0.004,19.55,32.47,0,0.018,0.05,0,0.71,0.4,0.49,0,0,6.5,170,14,2.55,0.5,0.27
230,0.05,0.26,0.63,0.008,0.004,19.88,31.88,0,0.019,0.05,0,0.67,0.3,0.42,0,0,6.5,170,14,2.55,0.5,1.09
231,0.07,0.15,0.81,0.008,0.003,20.42,32.83,0,0.017,0.04,0,0.32,0.47,0.44,0,0,6.5,170,14,2.55,0.5,0.15
232,0.06,0.39,0.87,0.01,0.003,19.94,33.95,0,0.02,0.05,0,0.64,0.19,0.42,0,0,6.5,170,14,2.55,1,5.95
233,0.08,0.08,0.93,0.008,0.004,19.55,32.47,0,0.018,0.05,0,0.71,0.4,0.49,0,0,6.5,170,14,2.55,1,1.94
234,0.05,0.26,0.63,0.008,0.004,19.88,31.88,0,0.019,0.05,0,0.67,0.3,0.42,0,0,6.5,170,14,2.55,1,2.6
235,0.07,0.15,0.81,0.008,0.003,20.42,32.83,0,0.017,0.04,0,0.32,0.47,0.44,0,0,6.5,170,14,2.55,1,2.85
236,0.06,0.39,0.87,0.01,0.003,19.94,33.95,0,0.02,0.05,0,0.64,0.19,0.42,0,0,6.5,170,14,2.55,1.5,13.61
237,0.08,0.08,0.93,0.008,0.004,19.55,32.47,0,0.018,0.05,0,0.71,0.4,0.49,0,0,6.5,170,14,2.55,1.5,5.29
238,0.05,0.26,0.63,0.008,0.004,19.88,31.88,0,0.019,0.05,0,0.67,0.3,0.42,0,0,6.5,170,14,2.55,1.5,6.98
239,0.07,0.15,0.81,0.008,0.003,20.42,32.83,0,0.017,0.04,0,0.32,0.47,0.44,0,0,6.5,170,14,2.55,1.5,6.53
240,0.06,0.39,0.87,0.01,0.003,19.94,33.95,0,0.02,0.05,0,0.64,0.19,0.42,0,0,6.5,170,14,2.55,2,13.03
241,0.08,0.08,0.93,0.008,0.004,19.55,32.47,0,0.018,0.05,0,0.71,0.4,0.49,0,0,6.5,170,14,2.55,2,8.84
242,0.05,0.26,0.63,0.008,0.004,19.88,31.88,0,0.019,0.05,0,0.67,0.3,0.42,0,0,6.5,170,14,2.55,2,9.17
243,0.07,0.15,0.81,0.008,0.003,20.42,32.83,0,0.017,0.04,0,0.32,0.47,0.44,0,0,6.5,170,14,2.55,2,9.17
244,0.06,0.39,0.87,0.01,0.003,19.94,33.95,0,0.02,0.05,0,0.64,0.19,0.42,0,0,6.5,170,14,2.55,3,14.21
245,0.08,0.08,0.93,0.008,0.004,19.55,32.47,0,0.018,0.05,0,0.71,0.4,0.49,0,0,6.5,170,14,2.55,3,8.94
246,0.05,0.26,0.63,0.008,0.004,19.88,31.88,0,0.019,0.05,0,0.67,0.3,0.42,0,0,6.5,170,14,2.55,3,11.05
247,0.07,0.15,0.81,0.008,0.003,20.42,32.83,0,0.017,0.04,0,0.32,0.47,0.44,0,0,6.5,170,14,2.55,3,11.28
248,0.017,0.35,2.99,0.007,0.004,24.9,9.6,0,0.297,0,0,0,0.02,0,0,0,5,70,16,1.25,2.4,0.1
249,0.017,0.35,2.92,0.007,0.003,25,10.7,0,0.318,0,0,0,0.02,0,0,0,5,70,16,1.25,2.4,0.2
250,0.016,0.35,2.69,0.006,0.003,25,11.3,0,0.336,0,0,0,0.02,0,0,0,5,70,16,1.25,2.4,0.6
251,0.014,0.33,2.39,0.005,0.003,25.5,12.5,0,0.345,0,0,0,0.02,0,0,0,5,70,16,1.25,2.4,0.8
252,0.016,0.35,2.63,0.007,0.002,24.5,14.3,0,0.313,0,0,0,0.02,0,0,0,5,70,16,1.25,2.4,1.4
253,0.014,0.36,2.7,0.005,0.004,24.9,16.8,0,0.333,0,0,0,0.02,0,0,0,5,70,16,1.25,2.4,2
254,0.016,0.35,2.37,0.004,0.002,24.99,13.3,0,0.229,0,0,0,0.02,0,0,0,5,70,16,1.25,2.4,0.5
255,0.013,0.33,2.39,0.002,0.002,25.7,14.1,0,0.167,0,0,0,0.02,0,0,0,5,70,16,1.25,2.4,0.1
256,0.014,0.32,2.53,0.004,0.001,24.1,17.7,0,0.242,0,0,0,0.02,0,0,0,5,70,16,1.25,2.4,1.4
257,0.012,0.3,2.66,0.004,0.002,24,20.3,0,0.133,0,0,0,0.02,0,0,0,5,70,16,1.25,2.4,1.7
258,0.011,0.31,2.64,0.003,0.002,25,22.7,0,0.068,0,0,0,0.02,0,0,0,5,70,16,1.25,2.4,1.3
259,0.012,0.3,2.66,0.004,0.002,25,20,0,0.368,0,0,0,0.02,0,0,0,5,70,16,1.25,2.4,1.5
260,0.012,0.3,2.66,0.004,0.002,25,22,0,0.164,0,0,0,0.02,0,0,0,5,70,16,1.25,2.4,1.3
261,0.012,0.3,2.66,0.004,0.002,25,23,0,0.245,0,0,0,0.02,0,0,0,5,70,16,1.25,2.4,1.5
262,0.08,1.05,0.6,0.035,0.016,18.32,13.2,2.26,0.04,0,0,0,0.02,0,0,0,12.7,330,14,1.69,0.25,0
263,0.05,0.83,0.26,0.021,0.017,17.65,12.03,2.05,0.06,0,0,0,0.02,0,0,0,12.7,300,15,1.69,0.25,0
264,0.04,0.38,0.21,0.036,0.025,19.55,15.38,2.88,0.04,0,0,0,0.02,0,0,0,12.7,310,14.5,1.69,0.25,0
265,0.06,0.6,1.17,0.027,0.016,18.18,12.08,2.48,0.05,0,0,0,0.02,0,0,0,12.7,325,14.5,1.69,0.25,0
266,0.07,0.99,0.57,0.024,0.019,18.21,9.57,2.39,0.06,0,0,0,0.02,0,0,0,12.7,305,14.5,1.69,0.25,0
267,0.1,0.69,0.3,0.046,0.032,20.31,10.62,2.34,0.05,0,0,0,0.02,0,0,0,12.7,310,14.5,1.69,0.25,0
268,0.06,1.08,0.44,0.021,0.008,21.1,9.55,2.52,0.05,0,0,0,0.02,0,0,0,12.7,330,14,1.69,0.25,0
269,0.47,1.33,0.42,0.013,0.013,26.95,20.51,0.07,0.06,0,0,0,0.02,0,0,0,12.7,330,13.5,1.69,0.25,0
270,0.44,1.91,0.4,0.013,0.012,26.44,20.18,0.08,0.06,0,0,0,0.02,0,0,0,12.7,330,13.5,1.69,0.25,0
271,0.47,0.61,0.99,0.033,0.015,24.48,19.53,0,0.06,0,0,0,0.02,0,0,0,12.7,325,14.5,1.69,0.25,0
272,0.46,1.71,0.98,0.033,0.016,24.07,19.12,0,0.06,0,0,0,0.02,0,0,0,12.7,325,14,1.69,0.25,0
273,0.38,0.77,1.2,0.024,0.012,24.38,21.88,0.04,0.06,0,0,0,0.02,0,0,0,12.7,325,14,1.69,0.25,0
274,0.38,1.41,0.92,0.029,0.016,24.95,21.82,0.12,0.06,0,0,0,0.02,0,0,0,12.7,325,14,1.69,0.25,0
275,0.08,1.05,0.6,0.035,0.016,18.32,13.2,2.26,0.04,0,0,0,0.02,0,0,0,12.7,330,14,1.69,0.5,3.33
276,0.05,0.83,0.26,0.021,0.017,17.65,12.03,2.05,0.06,0,0,0,0.02,0,0,0,12.7,300,15,1.69,0.5,0.34
277,0.04,0.38,0.21,0.036,0.025,19.55,15.38,2.88,0.04,0,0,0,0.02,0,0,0,12.7,310,14.5,1.69,0.5,0.75
278,0.06,0.6,1.17,0.027,0.016,18.18,12.08,2.48,0.05,0,0,0,0.02,0,0,0,12.7,325,14.5,1.69,0.5,0
279,0.07,0.99,0.57,0.024,0.019,18.21,9.57,2.39,0.06,0,0,0,0.02,0,0,0,12.7,305,14.5,1.69,0.5,0
280,0.1,0.69,0.3,0.046,0.032,20.31,10.62,2.34,0.05,0,0,0,0.02,0,0,0,12.7,310,14.5,1.69,0.5,0.54
281,0.06,1.08,0.44,0.021,0.008,21.1,9.55,2.52,0.05,0,0,0,0.02,0,0,0,12.7,330,14,1.69,0.5,0
282,0.47,1.33,0.42,0.013,0.013,26.95,20.51,0.07,0.06,0,0,0,0.02,0,0,0,12.7,330,13.5,1.69,0.5,0
283,0.44,1.91,0.4,0.013,0.012,26.44,20.18,0.08,0.06,0,0,0,0.02,0,0,0,12.7,330,13.5,1.69,0.5,0
284,0.47,0.61,0.99,0.033,0.015,24.48,19.53,0,0.06,0,0,0,0.02,0,0,0,12.7,325,14.5,1.69,0.5,0.79
285,0.46,1.71,0.98,0.033,0.016,24.07,19.12,0,0.06,0,0,0,0.02,0,0,0,12.7,325,14,1.69,0.5,2.11
286,0.38,0.77,1.2,0.024,0.012,24.38,21.88,0.04,0.06,0,0,0,0.02,0,0,0,12.7,325,14,1.69,0.5,2.28
287,0.38,1.41,0.92,0.029,0.016,24.95,21.82,0.12,0.06,0,0,0,0.02,0,0,0,12.7,325,14,1.69,0.5,7.72
288,0.08,1.05,0.6,0.035,0.016,18.32,13.2,2.26,0.04,0,0,0,0.02,0,0,0,12.7,330,14,1.69,1,9.25
289,0.05,0.83,0.26,0.021,0.017,17.65,12.03,2.05,0.06,0,0,0,0.02,0,0,0,12.7,300,15,1.69,1,0.75
290,0.04,0.38,0.21,0.036,0.025,19.55,15.38,2.88,0.04,0,0,0,0.02,0,0,0,12.7,310,14.5,1.69,1,3.67
291,0.06,0.6,1.17,0.027,0.016,18.18,12.08,2.48,0.05,0,0,0,0.02,0,0,0,12.7,325,14.5,1.69,1,0
292,0.07,0.99,0.57,0.024,0.019,18.21,9.57,2.39,0.06,0,0,0,0.02,0,0,0,12.7,305,14.5,1.69,1,0
293,0.1,0.69,0.3,0.046,0.032,20.31,10.62,2.34,0.05,0,0,0,0.02,0,0,0,12.7,310,14.5,1.69,1,3.2
294,0.06,1.08,0.44,0.021,0.008,21.1,9.55,2.52,0.05,0,0,0,0.02,0,0,0,12.7,330,14,1.69,1,0
295,0.47,1.33,0.42,0.013,0.013,26.95,20.51,0.07,0.06,0,0,0,0.02,0,0,0,12.7,330,13.5,1.69,1,1.93
296,0.44,1.91,0.4,0.013,0.012,26.44,20.18,0.08,0.06,0,0,0,0.02,0,0,0,12.7,330,13.5,1.69,1,5.09
297,0.47,0.61,0.99,0.033,0.015,24.48,19.53,0,0.06,0,0,0,0.02,0,0,0,12.7,325,14.5,1.69,1,5.26
298,0.46,1.71,0.98,0.033,0.016,24.07,19.12,0,0.06,0,0,0,0.02,0,0,0,12.7,325,14,1.69,1,13.6
299,0.38,0.77,1.2,0.024,0.012,24.38,21.88,0.04,0.06,0,0,0,0.02,0,0,0,12.7,325,14,1.69,1,19.3
300,0.05,0.83,0.26,0.021,0.017,17.65,12.03,2.05,0.06,0,0,0,0.02,0,0,0,12.7,300,15,1.69,2,1.63
301,0.04,0.38,0.21,0.036,0.025,19.55,15.38,2.88,0.04,0,0,0,0.02,0,0,0,12.7,310,14.5,1.69,2,8.98
302,0.06,0.6,1.17,0.027,0.016,18.18,12.08,2.48,0.05,0,0,0,0.02,0,0,0,12.7,325,14.5,1.69,2,0
303,0.07,0.99,0.57,0.024,0.019,18.21,9.57,2.39,0.06,0,0,0,0.02,0,0,0,12.7,305,14.5,1.69,2,0.95
304,0.1,0.69,0.3,0.046,0.032,20.31,10.62,2.34,0.05,0,0,0,0.02,0,0,0,12.7,310,14.5,1.69,2,3.88
305,0.06,1.08,0.44,0.021,0.008,21.1,9.55,2.52,0.05,0,0,0,0.02,0,0,0,12.7,330,14,1.69,2,0
306,0.47,1.33,0.42,0.013,0.013,26.95,20.51,0.07,0.06,0,0,0,0.02,0,0,0,12.7,330,13.5,1.69,2,11.93
307,0.44,1.91,0.4,0.013,0.012,26.44,20.18,0.08,0.06,0,0,0,0.02,0,0,0,12.7,330,13.5,1.69,2,11.23
308,0.47,0.61,0.99,0.033,0.015,24.48,19.53,0,0.06,0,0,0,0.02,0,0,0,12.7,325,14.5,1.69,2,18.68
309,0.027,0.54,1.1,0.023,0.001,24.9,5.4,3.1,0.17,0,0,1.7,0.02,0,0,0,6.3,180,17,2.5,3.1,3.37
310,0.13,0.48,1.7,0.021,0.002,21.7,5.8,2.7,0.13,0,0,0,0.02,0,0,0,6.3,180,17,2.5,3.1,2.51
311,0.042,0.39,1.5,0.019,0.007,18.6,8,0.2,0.05,0,0,0,0.02,0,0,0,6.3,180,17,2.5,3.1,0.4
312,0.017,0.53,1.8,0.027,0.002,18.4,11.3,0.2,0.04,0,0,0,0.02,0,0,0,6.3,180,17,2.5,3.1,6.92
313,0.027,0.54,1.1,0.023,0.001,24.9,5.4,3.1,0.17,0,0,1.7,0.02,0,0,0,6.3,180,17,2.5,5,7.93
314,0.13,0.48,1.7,0.021,0.002,21.7,5.8,2.7,0.13,0,0,0,0.02,0,0,0,6.3,180,17,2.5,5,5.91
315,0.042,0.39,1.5,0.019,0.007,18.6,8,0.2,0.05,0,0,0,0.02,0,0,0,6.3,180,17,2.5,5,1.03
316,0.017,0.53,1.8,0.027,0.002,18.4,11.3,0.2,0.04,0,0,0,0.02,0,0,0,6.3,180,17,2.5,5,9.76
317,0.049,0.08,1.5,0.025,0.0024,14.9,16.62,2.1,0.006,0,0,0,0.028,0.25,0,0.0022,4,80,10,1.33,3.2,6.6
318,0.05,0.56,1.47,0.025,0.0025,14.81,16.54,2.07,0.006,0,0,0,0.03,0.25,0,0.003,4,80,10,1.33,3.2,7.1
319,0.048,0.52,1.49,0.027,0.0021,14.83,16.65,2.11,0.006,0,0,0,0.03,0.005,0,0.0024,4,80,10,1.33,3.2,5.8
320,0.05,0.52,1.48,0.027,0.0022,14.79,16.64,2.11,0.006,0,0,0,0.03,0.06,0,0.0031,4,80,10,1.33,3.2,7.9
321,0.048,0.54,1.47,0.026,0.0023,14.78,16.64,2.09,0.006,0,0,0,0.007,0.23,0,0.0026,4,80,10,1.33,3.2,11.2
322,0.048,0.54,1.47,0.025,0.0023,14.82,16.68,2.1,0.006,0,0,0,0.028,0.25,0,0.0001,4,80,10,1.33,3.2,6.6
323,0.049,0.52,1.48,0.029,0.002,14.8,16.65,2.09,0.006,0,0,0,0.029,0.51,0,0.0024,4,80,10,1.33,3.2,8.4
324,0.049,0.51,1.5,0.027,0.0014,14.92,16.8,2.16,0.006,0,0,0,0.029,0.27,0,0.002,4,80,10,1.33,3.2,5.5
325,0.15,0.53,1.5,0.027,0.0016,14.84,16.77,2.15,0.006,0,0,0,0.029,0.27,0,0.0022,4,80,10,1.33,3.2,7.1
326,0.28,0.52,1.49,0.026,0.0018,14.84,16.68,2.15,0.006,0,0,0,0.027,0.26,0,0.0022,4,80,10,1.33,3.2,11.1
327,0.051,0.12,1.5,0.028,0.0017,14.96,16.76,2.16,0.006,0,0,0,0.033,0.27,0,0.0019,4,80,10,1.33,3.2,4.4
328,0.052,0.71,1.49,0.027,0.0018,14.89,16.63,2.14,0.006,0,0,0,0.032,0.27,0,0.0019,4,80,10,1.33,3.2,5.6
329,0.049,1.04,1.49,0.028,0.0016,14.89,16.59,2.13,0.006,0,0,0,0.032,0.27,0,0.002,4,80,10,1.33,3.2,5.2
330,0.053,0.51,1.5,0.026,0.0014,15.02,16.65,2.14,0.006,0,0,0,0.034,0.006,0,0.002,4,80,10,1.33,3.2,4.7
331,0.051,0.5,1.5,0.026,0.0014,14.91,16.59,2.11,0.006,0,0,0,0.035,0.51,0,0.002,4,80,10,1.33,3.2,4.1
332,0.05,0.51,1.49,0.026,0.0014,14.86,16.6,2.11,0.006,0,0,0,0.037,0.8,0,0.0021,4,80,10,1.33,3.2,6.6
333,0.049,0.51,1.51,0.027,0.0015,15.1,16.68,2.11,0.006,0,0,0,0.014,0.26,0,0.002,4,80,10,1.33,3.2,5.1
334,0.059,0.51,1.51,0.027,0.0019,14.96,16.63,2.1,0.006,0,0,0,0.066,0.26,0,0.002,4,80,10,1.33,3.2,4.9
335,0.052,0.5,1.51,0.027,0.0017,14.95,16.7,2.12,0.006,0,0,0,0.29,0.27,0,0.002,4,80,10,1.33,3.2,8.1
336,0.051,0.5,1.51,0.026,0.0014,15.05,16.61,2.08,0.006,0,0,0,0.035,0.28,0,0.0012,4,80,10,1.33,3.2,4.1
337,0.051,0.51,1.51,0.028,0.0017,15.09,16.64,2.12,0.006,0,0,0,0.035,0.28,0,0.0063,4,80,10,1.33,3.2,8.3
338,0.049,0.5,1.5,0.026,0.0015,15.1,16.68,2.09,0.006,0,0,0,0.039,0.28,0,0.0114,4,80,10,1.33,3.2,9.7
339,0.061,0.22,2.57,0.003,0.019,15.04,15.18,2.57,0.0282,0.13,0,2.13,0.06,0.31,0.49,0.0014,3.175,100,12,4,4,6.43
340,0.119,0.25,1.66,0.005,0.005,16.33,16.1,1.11,0.0288,0.11,0,0.01,0.025,0.35,0.83,0.0047,3.175,100,12,4,4,9.4
341,0.106,0.2,1.59,0.004,0.004,16.37,16.07,1.11,0.0187,0.1,0,0.01,0.032,0.36,0.84,0.0043,3.175,100,12,4,4,8.32
342,0.061,0.22,2.57,0.003,0.019,15.04,15.18,2.57,0.0282,0.13,0,2.13,0.06,0.31,0.49,0.0014,3.175,100,12,4,2,5.89
343,0.119,0.25,1.66,0.005,0.005,16.33,16.1,1.11,0.0288,0.11,0,0.01,0.025,0.35,0.83,0.0047,3.175,100,12,4,2,10.41
344,0.106,0.2,1.59,0.004,0.004,16.37,16.07,1.11,0.0187,0.1,0,0.01,0.032,0.36,0.84,0.0043,3.175,100,12,4,2,8.98
345,0.061,0.22,2.57,0.003,0.019,15.04,15.18,2.57,0.0282,0.13,0,2.13,0.06,0.31,0.49,0.0014,3.175,100,12,4,1,3.36
346,0.119,0.25,1.66,0.005,0.005,16.33,16.1,1.11,0.0288,0.11,0,0.01,0.025,0.35,0.83,0.0047,3.175,100,12,4,1,5.6
347,0.106,0.2,1.59,0.004,0.004,16.37,16.07,1.11,0.0187,0.1,0,0.01,0.032,0.36,0.84,0.0043,3.175,100,12,4,1,7.45
348,0.061,0.22,2.57,0.003,0.019,15.04,15.18,2.57,0.0282,0.13,0,2.13,0.06,0.31,0.49,0.0014,3.175,100,12,4,0.5,2.49
349,0.119,0.25,1.66,0.005,0.005,16.33,16.1,1.11,0.0288,0.11,0,0.01,0.025,0.35,0.83,0.0047,3.175,100,12,4,0.5,8.3
350,0.106,0.2,1.59,0.004,0.004,16.37,16.07,1.11,0.0187,0.1,0,0.01,0.032,0.36,0.84,0.0043,3.175,100,12,4,0.5,2.28
351,0.119,0.25,1.66,0.005,0.005,16.33,16.1,1.11,0.0288,0.11,0,0.01,0.025,0.35,0.83,0.0047,3.175,100,12,4,0.25,4.08
352,0.106,0.2,1.59,0.004,0.004,16.37,16.07,1.11,0.0187,0.1,0,0.01,0.032,0.36,0.84,0.0043,3.175,100,12,4,0.25,1.65
353,0.116,0.14,1.85,0.006,0.006,20.27,29.15,1.05,0.039,0.13,0,0.01,0.079,0.34,0.84,0.0104,3.175,100,12,4,4,7.97
354,0.082,0.17,2.08,0.008,0.012,20.87,30.56,1.9,0.0094,0.19,0,0.01,0.09,0.29,0.49,0.005,3.175,100,12,4,4,7.29
355,0.116,0.14,1.85,0.006,0.006,20.27,29.15,1.05,0.039,0.13,0,0.01,0.079,0.34,0.84,0.0104,3.175,100,12,4,2,8.39
356,0.082,0.17,2.08,0.008,0.012,20.87,30.56,1.9,0.0094,0.19,0,0.01,0.09,0.29,0.49,0.005,3.175,100,12,4,2,3.69
357,0.116,0.14,1.85,0.006,0.006,20.27,29.15,1.05,0.039,0.13,0,0.01,0.079,0.34,0.84,0.0104,3.175,100,12,4,1,6.01
358,0.082,0.17,2.08,0.008,0.012,20.87,30.56,1.9,0.0094,0.19,0,0.01,0.09,0.29,0.49,0.005,3.175,100,12,4,1,3.68
359,0.116,0.14,1.85,0.006,0.006,20.27,29.15,1.05,0.039,0.13,0,0.01,0.079,0.34,0.84,0.0104,3.175,100,12,4,0.5,7.68
360,0.082,0.17,2.08,0.008,0.012,20.87,30.56,1.9,0.0094,0.19,0,0.01,0.09,0.29,0.49,0.005,3.175,100,12,4,0.5,2.87
361,0.116,0.14,1.85,0.006,0.006,20.27,29.15,1.05,0.039,0.13,0,0.01,0.079,0.34,0.84,0.0104,3.175,100,12,4,0.25,6
362,0.082,0.17,2.08,0.008,0.012,20.87,30.56,1.9,0.0094,0.19,0,0.01,0.09,0.29,0.49,0.005,3.175,100,12,4,0.25,1.11
363,0.12,0.56,0.77,0.018,0.001,15.4,14.5,2.42,0.02,0.43,0,2.97,0.02,0.23,0,0,3.175,100,12,4,4,7.18
364,0.12,0.56,0.77,0.018,0.001,15.4,14.5,2.42,0.02,0.43,0,2.97,0.02,0.23,0,0,3.175,100,12,4,2,5.42
365,0.12,0.56,0.77,0.018,0.001,15.4,14.5,2.42,0.02,0.43,0,2.97,0.02,0.23,0,0,3.175,100,12,4,1,3.86
366,0.12,0.56,0.77,0.018,0.001,15.4,14.5,2.42,0.02,0.43,0,2.97,0.02,0.23,0,0,3.175,100,12,4,0.5,3.63
367,0.12,0.56,0.77,0.018,0.001,15.4,14.5,2.42,0.02,0.43,0,2.97,0.02,0.23,0,0,3.175,100,12,4,0.25,1.76
368,0.009,0.08,5.2,0.005,0.006,21.3,12.4,2,0.3,0.23,0,0,0.02,0,0.2,0,3.2,50,8,1.69,2.3,3.64
369,0.038,0.25,6.5,0.009,0.004,22.7,11,2.2,0.32,0.01,0,0,0.02,0,0.25,0,3.2,50,8,1.69,2.5,0
370,0.04,0.02,6.2,0.005,0.006,23,11.3,2,0.32,0.24,0,0,0.02,0,0.2,0,3.2,50,8,1.69,2.3,4.86
371,0.009,0.08,5.2,0.005,0.006,21.3,12.4,2,0.3,0.23,0,0,0.02,0,0.2,0,3.2,50,8,1.69,1.4,1.79
372,0.038,0.25,6.5,0.009,0.004,22.7,11,2.2,0.32,0.01,0,0,0.02,0,0.25,0,3.2,50,8,1.69,1.4,0.01
373,0.04,0.02,6.2,0.005,0.006,23,11.3,2,0.32,0.24,0,0,0.02,0,0.2,0,3.2,50,8,1.69,1.4,1.84
374,0.03,0.04,0.05,0.005,0.005,12.63,7.9,1.73,0.002,0,0,0,1.08,0,0,0,6.35,180,12,2.54,3,2.04
375,0.03,0.04,0.05,0.005,0.005,12.63,7.9,1.73,0.002,0,0,0,1.08,0,0,0,6.35,180,12,2.54,2,0.47
376,0.03,0.04,0.05,0.005,0.005,12.63,7.9,1.73,0.002,0,0,0,1.08,0,0,0,6.35,180,12,2.54,1.5,0
377,0.03,0.04,0.05,0.005,0.005,12.63,7.9,1.73,0.002,0,0,0,1.08,0,0,0,6.35,180,12,2.54,1,0
378,0.03,0.04,0.05,0.005,0.005,12.63,7.9,1.73,0.002,0,0,0,1.08,0,0,0,6.35,180,12,2.54,0.5,0
379,0.03,0.4,0.33,0.008,0.005,14.75,6.44,0.76,0.035,0.75,0,1.5,0.02,0,0,0,6.35,180,12,2.54,3,6.44
380,0.03,0.4,0.33,0.008,0.005,14.75,6.44,0.76,0.035,0.75,0,1.5,0.02,0,0,0,6.35,180,12,2.54,2,4.94
381,0.03,0.4,0.33,0.008,0.005,14.75,6.44,0.76,0.035,0.75,0,1.5,0.02,0,0,0,6.35,180,12,2.54,1.5,1.79
382,0.03,0.4,0.33,0.008,0.005,14.75,6.44,0.76,0.035,0.75,0,1.5,0.02,0,0,0,6.35,180,12,2.54,1,0.84
383,0.02,0.33,0.33,0.017,0.007,14.7,4.7,0.38,0.035,0.2,0,3.2,0.02,0,0,0,6.35,180,12,2.54,3,6.95
384,0.02,0.33,0.33,0.017,0.007,14.7,4.7,0.38,0.035,0.2,0,3.2,0.02,0,0,0,6.35,180,12,2.54,2,1.98
385,0.02,0.33,0.33,0.017,0.007,14.7,4.7,0.38,0.035,0.2,0,3.2,0.02,0,0,0,6.35,180,12,2.54,1.5,0.51
386,0.02,0.33,0.33,0.017,0.007,14.7,4.7,0.38,0.035,0.2,0,3.2,0.02,0,0,0,6.35,180,12,2.54,1,1.11
387,0.017,0.54,1.9,0.024,0.001,19.1,10.7,0.21,0.035,0,0,0,0.02,0,0,0,6.35,180,12,2.54,3,2.59
388,0.017,0.54,1.9,0.024,0.001,19.1,10.7,0.21,0.035,0,0,0,0.02,0,0,0,6.35,180,12,2.54,2,0.41
389,0.017,0.54,1.9,0.024,0.001,19.1,10.7,0.21,0.035,0,0,0,0.02,0,0,0,6.35,180,12,2.54,1.5,0
390,0.017,0.54,1.9,0.024,0.001,19.1,10.7,0.21,0.035,0,0,0,0.02,0,0,0,6.35,180,12,2.54,1,0
391,0.017,0.54,1.9,0.024,0.001,19.1,10.7,0.21,0.035,0,0,0,0.02,0,0,0,6.35,180,12,2.54,0.5,0
392,0.02,0.53,1.7,0.02,0.008,18.7,10.9,0.19,0.035,0,0,0,0.02,0,0,0,6.35,180,12,2.54,1.5,8.87
393,0.02,0.53,1.7,0.02,0.008,18.7,10.9,0.19,0.035,0,0,0,0.02,0,0,0,6.35,180,12,2.54,1,6.17
394,0.02,0.53,1.7,0.02,0.008,18.7,10.9,0.19,0.035,0,0,0,0.02,0,0,0,6.35,180,12,2.54,0.5,1.75
395,0.062,0.3,0.35,0.031,0.016,16.6,0.44,0.12,0.036,0,0,0.14,0.026,0,0,0,5,300,14,4.45,3.2,8.36
396,0.001,0.26,0.005,0.02,0.02,26.4,0.13,1,0.011,0,0,0.005,0.005,0,0,0,5,300,14,4.45,3.2,0.32
397,0.06,0.5,1.76,0.029,0.012,18.3,9.1,0.35,0.038,0,0,0.28,0.029,0,0,0,5,300,14,4.45,3.2,1.56
398,0.062,0.3,0.35,0.031,0.016,16.6,0.44,0.12,0.036,0,0,0.14,0.026,0,0,0,5,300,14,4.45,1.6,4.06
399,0.001,0.26,0.005,0.02,0.02,26.4,0.13,1,0.011,0,0,0.005,0.005,0,0,0,5,300,14,4.45,1.6,0.2
400,0.06,0.5,1.76,0.029,0.012,18.3,9.1,0.35,0.038,0,0,0.28,0.029,0,0,0,5,300,14,4.45,1.6,0.34
401,0.062,0.3,0.35,0.031,0.016,16.6,0.44,0.12,0.036,0,0,0.14,0.026,0,0,0,5,300,14,4.45,0.8,1.73
402,0.001,0.26,0.005,0.02,0.02,26.4,0.13,1,0.011,0,0,0.005,0.005,0,0,0,5,300,14,4.45,0.8,0.16
403,0.06,0.5,1.76,0.029,0.012,18.3,9.1,0.35,0.038,0,0,0.28,0.029,0,0,0,5,300,14,4.45,0.8,0.16
404,0.027,0.54,1.1,0.023,0.001,24.9,5.4,3.1,0.17,0,0,1.7,0.02,0,0,0,6.4,180,17,2.53,1,0.41
405,0.027,0.54,1.1,0.023,0.001,24.9,5.4,3.1,0.17,0,0,1.7,0.02,0,0,0,6.4,180,17,2.53,1.5,0.76
406,0.027,0.54,1.1,0.023,0.001,24.9,5.4,3.1,0.17,0,0,1.7,0.02,0,0,0,6.4,180,17,2.53,2.1,3
407,0.027,0.54,1.1,0.023,0.001,24.9,5.4,3.1,0.17,0,0,1.7,0.02,0,0,0,6.4,180,17,2.53,3.1,6.24
408,0.027,0.54,1.1,0.023,0.001,24.9,5.4,3.1,0.17,0,0,1.7,0.02,0,0,0,6.4,180,17,2.53,5,10.44
409,0.067,0.44,1.7,0.024,0.001,21.6,4.9,2.4,0.1,0,0,0.2,0.02,0,0,0,6.4,180,17,2.53,1,0.34
410,0.067,0.44,1.7,0.024,0.001,21.6,4.9,2.4,0.1,0,0,0.2,0.02,0,0,0,6.4,180,17,2.53,1.5,0.41
411,0.067,0.44,1.7,0.024,0.001,21.6,4.9,2.4,0.1,0,0,0.2,0.02,0,0,0,6.4,180,17,2.53,2.1,2.42
412,0.067,0.44,1.7,0.024,0.001,21.6,4.9,2.4,0.1,0,0,0.2,0.02,0,0,0,6.4,180,17,2.53,3.1,5.57
413,0.067,0.44,1.7,0.024,0.001,21.6,4.9,2.4,0.1,0,0,0.2,0.02,0,0,0,6.4,180,17,2.53,5,6.31
414,0.024,0.62,1.7,0.025,0.008,20.8,9,0.07,0.007,0,0,0,0.02,0,0,0,6.4,180,17,2.53,0.5,0
415,0.024,0.62,1.7,0.025,0.008,20.8,9,0.07,0.007,0,0,0,0.02,0,0,0,6.4,180,17,2.53,1,0
416,0.024,0.62,1.7,0.025,0.008,20.8,9,0.07,0.007,0,0,0,0.02,0,0,0,6.4,180,17,2.53,2.1,0.72
417,0.024,0.62,1.7,0.025,0.008,20.8,9,0.07,0.007,0,0,0,0.02,0,0,0,6.4,180,17,2.53,3.1,3.58
418,0.024,0.62,1.7,0.025,0.008,20.8,9,0.07,0.007,0,0,0,0.02,0,0,0,6.4,180,17,2.53,5,7.1
419,0.033,0.54,1.8,0.027,0.009,22.8,7.1,0.06,0.006,0,0,0,0.02,0,0,0,6.4,180,17,2.53,0.5,0
420,0.033,0.54,1.8,0.027,0.009,22.8,7.1,0.06,0.006,0,0,0,0.02,0,0,0,6.4,180,17,2.53,1,0
421,0.033,0.54,1.8,0.027,0.009,22.8,7.1,0.06,0.006,0,0,0,0.02,0,0,0,6.4,180,17,2.53,2.1,1.18
422,0.033,0.54,1.8,0.027,0.009,22.8,7.1,0.06,0.006,0,0,0,0.02,0,0,0,6.4,180,17,2.53,3.1,2.23
423,0.033,0.54,1.8,0.027,0.009,22.8,7.1,0.06,0.006,0,0,0,0.02,0,0,0,6.4,180,17,2.53,5,5.98
424,0.023,0.41,1.7,0.007,0.002,18.3,11.4,0.04,0.037,0,0,0,0.02,0,0,0,6.4,180,17,2.53,0.5,1.73
425,0.023,0.41,1.7,0.007,0.002,18.3,11.4,0.04,0.037,0,0,0,0.02,0,0,0,6.4,180,17,2.53,1,6.23
426,0.023,0.41,1.7,0.007,0.002,18.3,11.4,0.04,0.037,0,0,0,0.02,0,0,0,6.4,180,17,2.53,2.1,8.92
427,0.023,0.41,1.7,0.007,0.002,18.3,11.4,0.04,0.037,0,0,0,0.02,0,0,0,6.4,180,17,2.53,3.1,11.86
428,0.017,0.54,1.9,0.024,0.001,18.6,10.7,0.21,0.04,0,0,0,0.02,0,0,0,6.4,180,17,2.53,0.5,0
429,0.017,0.54,1.9,0.024,0.001,18.6,10.7,0.21,0.04,0,0,0,0.02,0,0,0,6.4,180,17,2.53,1,0
430,0.017,0.54,1.9,0.024,0.001,18.6,10.7,0.21,0.04,0,0,0,0.02,0,0,0,6.4,180,17,2.53,2.1,0.47
431,0.017,0.54,1.9,0.024,0.001,18.6,10.7,0.21,0.04,0,0,0,0.02,0,0,0,6.4,180,17,2.53,3.1,2.65
432,0.017,0.54,1.9,0.024,0.001,18.6,10.7,0.21,0.04,0,0,0,0.02,0,0,0,6.4,180,17,2.53,5,5.55
433,0.012,0.19,1.35,0.002,0.012,23.31,21.93,0,0.02,0,0,0,0.02,0,0,0,5,70,16,1.25,1.2,0.43
434,0.013,0.18,1.47,0.002,0.013,24.43,23.04,0,0.02,0.15,0,0,0.02,0,0,0,5,70,16,1.25,1.2,0.78
435,0.015,0.19,1.46,0.003,0.013,24.34,22.89,0,0.02,0.24,0,0,0.02,0,0,0,5,70,16,1.25,1.2,1.3
436,0.017,0.19,1.46,0.002,0.013,24.53,22.93,0,0.02,0.31,0,0,0.02,0,0,0,5,70,16,1.25,1.2,2.48
437,0.013,0.22,1.49,0.003,0.013,23.65,22.51,0,0.02,0.41,0,0,0.02,0,0,0,5,70,16,1.25,1.2,3.93
438,0.012,0.2,1.4,0.002,0.013,22.27,22.41,0,0.02,0.52,0,0,0.02,0,0,0,5,70,16,1.25,1.2,3.32
439,0.015,0.21,1.5,0.003,0.013,24.35,22.99,0,0.02,0.73,0,0,0.02,0,0,0,5,70,16,1.25,1.2,3.38
440,0.016,0.19,1.43,0.003,0.012,24.15,22.69,0,0.02,0.94,0,0,0.02,0,0,0,5,70,16,1.25,1.2,4.4
441,0.025,0.2,1.5,0.001,0.001,25,21.01,0,0.02,0,0,0,0.02,0,0,0,5,70,16,1.25,0.5,0
442,0.024,0.18,1.8,0.001,0.001,25.15,29.57,3.76,0.02,0.27,0,0,0.02,0,0,0,5,70,16,1.25,0.5,0
443,0.025,0.2,1.5,0.001,0.001,25,21.01,0,0.02,0,0,0,0.02,0,0,0,5,70,16,1.25,1.2,0.42
444,0.024,0.18,1.8,0.001,0.001,25.15,29.57,3.76,0.02,0.27,0,0,0.02,0,0,0,5,70,16,1.25,1.2,0.53
445,0.025,0.2,1.5,0.001,0.001,25,21.01,0,0.02,0,0,0,0.02,0,0,0,5,70,16,1.25,2.5,1
446,0.024,0.18,1.8,0.001,0.001,25.15,29.57,3.76,0.02,0.27,0,0,0.02,0,0,0,5,70,16,1.25,2.5,1.1
447,0.025,0.2,1.5,0.001,0.001,25,21.01,0,0.02,0,0,0,0.02,0,0,0,5,70,16,1.25,5,2.6
448,0.024,0.18,1.8,0.001,0.001,25.15,29.57,3.76,0.02,0.27,0,0,0.02,0,0,0,5,70,16,1.25,5,3.17
449,0.014,0.01,1.48,0.002,0.003,24.8,21,0,0.02,0,0,0,0.02,0,0,0,5,70,16,1.25,0.5,0
450,0.014,0.01,1.48,0.002,0.003,24.8,21,0,0.02,0,0,0,0.02,0,0,0,5,70,16,1.25,1.2,0.41
451,0.014,0.01,1.48,0.002,0.003,24.8,21,0,0.02,0,0,0,0.02,0,0,0,5,70,16,1.25,2.5,3
452,0.014,0.01,1.48,0.002,0.003,24.8,21,0,0.02,0,0,0,0.02,0,0,0,5,70,16,1.25,5,6
453,0.053,0.65,1,0.026,0.004,25.1,19.9,0,0.017,0,0,0,0.02,0,0,0,5,70,16,1.25,0.5,3
454,0.053,0.65,1,0.026,0.004,25.1,19.9,0,0.017,0,0,0,0.02,0,0,0,5,70,16,1.25,1.2,3.7
455,0.053,0.65,1,0.026,0.004,25.1,19.9,0,0.017,0,0,0,0.02,0,0,0,5,70,16,1.25,2.5,5.1
456,0.053,0.65,1,0.026,0.004,25.1,19.9,0,0.017,0,0,0,0.02,0,0,0,5,70,16,1.25,5,7.3
457,0.015,0.38,1.74,0.018,0.008,17.5,11.4,0,0.03,0.3,0,0,0.02,0,0,0,5,70,16,1.25,1.2,0
458,0.016,0.36,1.69,0.025,0.007,18,11.1,0,0.043,0.29,0,0,0.02,0,0,0,5,70,16,1.25,1.2,2
459,0.016,0.35,1.69,0.025,0.007,17.7,11.4,0,0.062,0.3,0,0,0.02,0,0,0,5,70,16,1.25,1.2,6.2
460,0.018,0.35,1.7,0.025,0.007,18,11.2,0,0.08,0.3,0,0,0.02,0,0,0,5,70,16,1.25,1.2,6.3
461,0.0054,0.18,1.48,0.005,0.003,18.77,9.69,0,0.0237,0.26,0,0,0.02,0,0,0,5,70,16,1.25,2.5,0
462,0.0049,0.18,1.47,0.004,0.003,18.61,9.72,0,0.0218,0.53,0,0,0.02,0,0,0,5,70,16,1.25,2.5,0.14
463,0.0058,0.19,1.49,0.004,0.002,18.67,9.76,0,0.0221,0.78,0,0,0.02,0,0,0,5,70,16,1.25,2.5,0.44
464,0.0054,0.18,1.43,0.005,0.003,18.57,9.63,0,0.0243,1.18,0,0,0.02,0,0,0,5,70,16,1.25,2.5,0.41
465,0.0054,0.18,1.48,0.005,0.003,18.77,9.69,0,0.0237,0.26,0,0,0.02,0,0,0,5,70,16,1.25,5,0.75
466,0.0049,0.18,1.47,0.004,0.003,18.61,9.72,0,0.0218,0.53,0,0,0.02,0,0,0,5,70,16,1.25,5,2.94
467,0.0058,0.19,1.49,0.004,0.002,18.67,9.76,0,0.0221,0.78,0,0,0.02,0,0,0,5,70,16,1.25,5,4.84
468,0.0054,0.18,1.43,0.005,0.003,18.57,9.63,0,0.0243,1.18,0,0,0.02,0,0,0,5,70,16,1.25,5,6.04
469,0.02,0.2,1.56,0.005,0.003,18.46,10,0,0.0223,0.23,0,0,0.02,0,0,0,5,70,16,1.25,2.4,0
470,0.018,0.2,1.47,0.004,0.003,18.68,10,0,0.0315,0.25,0,0,0.02,0,0,0,5,70,16,1.25,2.4,0
471,0.024,0.2,1.48,0.004,0.003,18.81,9.35,0,0.0461,0.25,0,0,0.02,0,0,0,5,70,16,1.25,2.4,0
472,0.022,0.2,1.52,0.005,0.003,18.88,9.31,0,0.0932,0.25,0,0,0.02,0,0,0,5,70,16,1.25,2.4,0
473,0.029,0.2,1.46,0.005,0.003,20.22,9.28,0,0.133,0.25,0,0,0.02,0,0,0,5,70,16,1.25,2.4,0
474,0.02,0.2,1.56,0.005,0.003,18.46,10,0,0.0223,0.23,0,0,0.02,0,0,0,5,70,16,1.25,5,1.11
475,0.018,0.2,1.47,0.004,0.003,18.68,10,0,0.0315,0.25,0,0,0.02,0,0,0,5,70,16,1.25,5,1.06
476,0.024,0.2,1.48,0.004,0.003,18.81,9.35,0,0.0461,0.25,0,0,0.02,0,0,0,5,70,16,1.25,5,1.27
477,0.022,0.2,1.52,0.005,0.003,18.88,9.31,0,0.0932,0.25,0,0,0.02,0,0,0,5,70,16,1.25,5,1.83
478,0.029,0.2,1.46,0.005,0.003,20.22,9.28,0,0.133,0.25,0,0,0.02,0,0,0,5,70,16,1.25,5,1.65
479,0.015,0.35,1.61,0.008,0.004,18,9.9,0,0.022,0.29,0,0,0.02,0,0,0,5,70,16,1.25,1.2,0
480,0.015,0.34,1.61,0.004,0.004,17.6,10,0,0.049,0.29,0,0,0.02,0,0,0,5,70,16,1.25,1.2,0
481,0.014,0.33,1.62,0.003,0.004,17.9,9.8,0,0.048,0.29,0,0,0.02,0,0,0,5,70,16,1.25,1.2,0.22
482,0.014,0.32,1.72,0.003,0.004,17.8,9.4,0,0.05,0.29,0,0,0.02,0,0,0,5,70,16,1.25,1.2,0.12
483,0.016,0.34,1.76,0.024,0.008,17.9,9.9,0,0.045,0.28,0,0,0.02,0,0,0,5,70,16,1.25,1.2,0.18
484,0.014,0.35,1.67,0.027,0.007,17.7,9.7,0,0.047,0.28,0,0,0.02,0,0,0,5,70,16,1.25,1.2,0
485,0.014,0.33,1.73,0.026,0.007,17.9,9.5,0,0.046,0.3,0,0,0.02,0,0,0,5,70,16,1.25,1.2,0.24
486,0.05,0.75,0.94,0.026,0.007,18.3,9.4,0,0.016,0,0,0,0.02,0,0,0,5,70,16,1.25,1.2,0
487,0.07,0.66,1.01,0.02,0.006,16.7,12.4,2.38,0.02,0,0,0,0.02,0,0,0,5,70,16,1.25,1.2,1.47
